method,prompt0,mean
mock,0.6120524376363542,0.6120524376363542
