method,prompt0,mean
mock,0.6976707353395323,0.6976707353395323
