method,prompt0,mean
mock,0.5574447125941012,0.5574447125941012
