method,prompt0,mean
mock,0.36687388627342876,0.36687388627342876
