method,prompt0,mean
mock,0.11540279570388562,0.11540279570388562
