method,prompt0,mean
mock,19.622159067763587,19.622159067763587
