method,prompt0,mean
mock,18.79420087030212,18.79420087030212
