method,prompt0,mean
mock,0.5408761738046038,0.5408761738046038
