method,prompt0,mean
mock,0.1108714770180514,0.1108714770180514
