method,prompt0,mean
mock,0.6938759104286293,0.6938759104286293
