method,prompt0,mean
mock,0.3759662128826518,0.3759662128826518
