method,prompt0,mean
mock,0.585592596600618,0.585592596600618
