method,prompt0,mean
mock,0.10394754442230458,0.10394754442230458
