method,prompt0,mean
mock,0.5209109247699465,0.5209109247699465
