method,prompt0,mean
mock,0.3996099165822818,0.3996099165822818
