method,prompt0,mean
mock,0.6755538185253104,0.6755538185253104
