method,prompt0,mean
mock,18.86731604666361,18.86731604666361
