method,prompt0,mean
mock,0.6033086586082835,0.6033086586082835
