method,prompt0,mean
mock,0.5290508916483837,0.5290508916483837
