method,prompt0,mean
mock,0.5774752288210024,0.5774752288210024
