method,prompt0,mean
mock,0.3984090457271442,0.3984090457271442
