method,prompt0,mean
mock,0.6470775912423591,0.6470775912423591
