method,prompt0,mean
mock,18.83176627731857,18.83176627731857
