method,prompt0,mean
mock,0.11441380297059986,0.11441380297059986
