method,prompt0,mean
mock,17.706934892796,17.706934892796
