method,prompt0,mean
mock,0.5157815503690739,0.5157815503690739
