method,prompt0,mean
mock,0.6644949408203622,0.6644949408203622
