method,prompt0,mean
mock,0.10145011305822642,0.10145011305822642
