method,prompt0,mean
mock,0.5671514398832631,0.5671514398832631
