method,prompt0,mean
mock,0.39602467667472274,0.39602467667472274
