method,prompt0,mean
mock,0.10220054800865683,0.10220054800865683
