method,prompt0,mean
mock,17.382537831774645,17.382537831774645
