method,prompt0,mean
mock,0.6372233362361103,0.6372233362361103
