method,prompt0,mean
mock,0.4289067351655622,0.4289067351655622
