method,prompt0,mean
mock,0.5663930793408403,0.5663930793408403
