method,prompt0,mean
mock,0.5102589915866171,0.5102589915866171
