method,prompt0,mean
mock,0.5580406366974864,0.5580406366974864
