method,prompt0,mean
mock,0.37867875956939623,0.37867875956939623
