method,prompt0,mean
mock,0.6078085307957803,0.6078085307957803
