method,prompt0,mean
mock,0.6922713295832259,0.6922713295832259
