method,prompt0,mean
mock,18.798294203939353,18.798294203939353
