method,prompt0,mean
mock,0.1179687829238798,0.1179687829238798
