method,prompt0,mean
mock,0.5554602353497001,0.5554602353497001
