method,prompt0,mean
mock,0.3786896470300242,0.3786896470300242
