method,prompt0,mean
mock,0.5975354440748794,0.5975354440748794
