method,prompt0,mean
mock,0.1129862901216017,0.1129862901216017
