method,prompt0,mean
mock,0.6950922194655572,0.6950922194655572
