method,prompt0,mean
mock,18.592198351580212,18.592198351580212
