method,prompt0,mean
mock,18.272264223909946,18.272264223909946
