method,prompt0,mean
mock,0.6918664239026002,0.6918664239026002
