method,prompt0,mean
mock,0.11307152542508472,0.11307152542508472
