method,prompt0,mean
mock,0.600397256259784,0.600397256259784
