method,prompt0,mean
mock,0.3835446662933096,0.3835446662933096
