method,prompt0,mean
mock,0.5466681584864305,0.5466681584864305
