method,prompt0,mean
mock,0.547275387825468,0.547275387825468
