method,prompt0,mean
mock,0.37812399811884334,0.37812399811884334
