method,prompt0,mean
mock,0.6853765574079062,0.6853765574079062
