method,prompt0,mean
mock,0.5893750388364122,0.5893750388364122
