method,prompt0,mean
mock,0.11284532371684008,0.11284532371684008
