method,prompt0,mean
mock,18.341853835141645,18.341853835141645
