method,prompt0,mean
mock,0.6796026122159643,0.6796026122159643
