method,prompt0,mean
mock,0.5910936944429399,0.5910936944429399
