method,prompt0,mean
mock,0.3901513855605041,0.3901513855605041
