method,prompt0,mean
mock,0.5395161304393832,0.5395161304393832
