method,prompt0,mean
mock,0.11406317881801066,0.11406317881801066
