method,prompt0,mean
mock,18.165285750586904,18.165285750586904
