method,prompt0,mean
mock,0.5393252909624046,0.5393252909624046
