method,prompt0,mean
mock,0.5852188611520812,0.5852188611520812
