method,prompt0,mean
mock,0.38984254870922724,0.38984254870922724
