method,prompt0,mean
mock,0.6753834433732134,0.6753834433732134
