method,prompt0,mean
mock,17.861186303716135,17.861186303716135
