method,prompt0,mean
mock,0.10867262894433738,0.10867262894433738
