method,prompt0,mean
mock,0.5464298879930803,0.5464298879930803
