method,prompt0,mean
mock,0.6954231732422522,0.6954231732422522
