method,prompt0,mean
mock,0.11630776608171371,0.11630776608171371
