method,prompt0,mean
mock,0.6954332856161707,0.6954332856161707
