method,prompt0,mean
mock,0.5410781032602856,0.5410781032602856
