method,prompt0,mean
mock,0.10831585635378971,0.10831585635378971
