method,prompt0,mean
mock,0.10910135682488327,0.10910135682488327
