method,prompt0,mean
mock,0.6794842366615409,0.6794842366615409
