method,prompt0,mean
mock,0.5474776860556702,0.5474776860556702
