method,prompt0,mean
mock,0.11376938014449745,0.11376938014449745
