method,prompt0,mean
mock,0.6770749123208177,0.6770749123208177
