method,prompt0,mean
mock,0.529291731507368,0.529291731507368
