method,prompt0,mean
mock,0.5194899830211099,0.5194899830211099
