method,prompt0,mean
mock,0.11187227248613159,0.11187227248613159
