method,prompt0,mean
mock,0.6609362019511333,0.6609362019511333
