method,prompt0,mean
mock,0.11403364055962623,0.11403364055962623
