method,prompt0,mean
mock,0.6462829229452617,0.6462829229452617
