method,prompt0,mean
mock,0.5092536352936423,0.5092536352936423
