method,prompt0,mean
clean,0.8335980772972107,0.8335980772972107
/Data/zr/cv//output/protected_edited/eps0,0.8319478034973145,0.8319478034973145
