method,prompt0,mean
clean,0.8805724382400513,0.8805724382400513
/Data/zr/cv//output/protected_edited/eps0,0.8886198997497559,0.8886198997497559
