method,prompt0,mean
mock,18.021696886966243,18.021696886966243
