method,prompt0,mean
mock,0.546551354004569,0.546551354004569
