method,prompt0,mean
mock,0.1179934728055919,0.1179934728055919
