method,prompt0,mean
mock,0.6100292947172984,0.6100292947172984
