method,prompt0,mean
mock,0.6968576855971382,0.6968576855971382
