method,prompt0,mean
mock,0.3795328635397198,0.3795328635397198
