method,prompt0,mean
mock,0.6161995326170091,0.6161995326170091
