method,prompt0,mean
mock,0.3686419675663688,0.3686419675663688
