method,prompt0,mean
mock,0.685498446032378,0.685498446032378
