method,prompt0,mean
mock,0.5472771934333454,0.5472771934333454
