method,prompt0,mean
mock,0.11902736811646929,0.11902736811646929
