method,prompt0,mean
mock,18.399618137456216,18.399618137456216
