method,prompt0,mean
mock,18.518096831494603,18.518096831494603
