method,prompt0,mean
mock,0.1189137875670308,0.1189137875670308
