method,prompt0,mean
mock,0.5350190171024557,0.5350190171024557
