method,prompt0,mean
mock,0.6778653718760443,0.6778653718760443
