method,prompt0,mean
mock,0.5921003977993838,0.5921003977993838
