method,prompt0,mean
mock,0.37937876637399814,0.37937876637399814
