method,prompt0,mean
mock,0.40213193185324625,0.40213193185324625
