method,prompt0,mean
mock,0.5283030613866665,0.5283030613866665
