method,prompt0,mean
mock,0.6000837725894873,0.6000837725894873
