method,prompt0,mean
mock,0.6814946370461947,0.6814946370461947
