method,prompt0,mean
mock,0.11391618359461471,0.11391618359461471
