method,prompt0,mean
mock,0.5171360965553323,0.5171360965553323
