method,prompt0,mean
mock,0.1068962790124174,0.1068962790124174
