method,prompt0,mean
mock,0.5955873228418072,0.5955873228418072
