method,prompt0,mean
mock,0.4125479680982721,0.4125479680982721
