method,prompt0,mean
mock,0.6864646159532283,0.6864646159532283
