method,prompt0,mean
mock,17.922772167975776,17.922772167975776
