method,prompt0,mean
mock,0.6798273355558428,0.6798273355558428
