method,prompt0,mean
mock,18.12212354627202,18.12212354627202
