method,prompt0,mean
mock,0.10436116613901986,0.10436116613901986
