method,prompt0,mean
mock,0.588651591499531,0.588651591499531
