method,prompt0,mean
mock,0.49827164686980785,0.49827164686980785
