method,prompt0,mean
mock,0.4182553252096596,0.4182553252096596
