method,prompt0,mean
clean,0.18202874064445496,0.18202874064445496
/Data/zr/cv//output/protected_edited/eps0,0.1560332179069519,0.1560332179069519
