method,prompt0,mean
clean,0.13878289610147476,0.13878289610147476
/root/cv/FaceLock/celeba_hq/protected_edited/eps0,0.11584789231419564,0.11584789231419564
