method,prompt0,mean
clean,0.9085147023200989,0.9085147023200989
/root/cv/FaceLock/celeba_hq/protected_edited/eps0,0.8936704456806183,0.8936704456806183
