method,prompt0,mean
clean,0.9511576414108276,0.9511576414108276
/root/cv/FaceLock/celeba_hq/protected_edited/eps0,0.8601020812988281,0.8601020812988281
