method,prompt0,prompt1,prompt2,prompt3,prompt4,prompt5,prompt6,prompt7,prompt8,prompt9,prompt10,prompt11,prompt12,prompt13,prompt14,prompt15,prompt16,prompt17,prompt18,prompt19,prompt20,prompt21,prompt22,prompt23,prompt24,mean
/root/cv/FaceLock/celeba_hq_multi/protected_edited/eps0,26.467646408081055,23.5462908744812,18.676475238800048,26.655175971984864,26.84604549407959,26.25826187133789,23.809185028076172,23.242544746398927,29.034516525268554,20.708535861968993,21.367345333099365,24.852754592895508,18.286009883880617,25.3250940322876,25.99727020263672,23.74801082611084,21.487714958190917,24.01780414581299,22.09110870361328,24.901402473449707,22.466189575195312,23.842848205566405,25.57344741821289,17.296130561828612,23.368703842163086,23.594660511016844
